{
  "success": true,
  "message": "Data loaded successfully",
  "site": {
    "header": {
      "logo": "https://vt-photos.s3.amazonaws.com/recipe-app-icon-generated-image.png"
    },
    "categories": [
      {
        "category": "Products",
        "translatedCategory": [],
        "_id": "1",
        "itemPage": [
          {
            "title": "Product 1",
            "description": "description for product 1",
            "price":10.99,
            "imageUrl": "https://vt-photos.s3.amazonaws.com/Fish-Casserole-generated-image.png",
            "createdAt": "2025-06-24T03:51:20.028Z",
            "_id": 1
          },
          {
            "title": "Product 2",
            "price":1023.99,
            "description": "description for product 2",
            "imageUrl": "https://vt-photos.s3.amazonaws.com/Cheesy-Chicken-Broccoli-and-Rice-Casserole-generated-image.png",
            "createdAt": "2025-06-24T11:34:55.521Z",
            "_id": 2
          },
          {
            "title": "Product 3",
            "price":34.23,
            "description": "description for product 3",
            "imageUrl": "https://vt-photos.s3.amazonaws.com/Cheesy-Chicken-and-Broccoli-Casserole-generated-image.png",
            "createdAt": "2025-07-16T14:36:15.178Z",
            "_id": 3
          },
          {
            "title": "Product 4",
            "description": "description for product 4",
            "price":34.23,
            "imageUrl": "https://vt-photos.s3.amazonaws.com/Cheesy-Chicken-and-Broccoli-Casserole-generated-image.png",
            "createdAt": "2025-07-16T14:36:15.178Z",
            "_id": 4
          },
          {
            "title": "Product 5",
            "price":34.23,
            "description": "description for product 5",
            "imageUrl": "https://vt-photos.s3.amazonaws.com/Cheesy-Chicken-and-Broccoli-Casserole-generated-image.png",
            "createdAt": "2025-07-16T14:36:15.178Z",
            "_id": 5
          },
          {
            "title": "Product 6",
            "description": "description for product 6",
            "price":34.23,
            "imageUrl": "https://vt-photos.s3.amazonaws.com/Cheesy-Chicken-and-Broccoli-Casserole-generated-image.png",
            "createdAt": "2025-07-16T14:36:15.178Z",
            "_id": 6
          }
          
        ]
      }
    ]
  }
}