{
  "success": true,
  "message": "Data loaded successfully",
  "site": {
    "header": {
      "logo": "https://vt-photos.s3.amazonaws.com/recipe-app-icon-generated-image.png"
    },
    "categories": [
      {
        "category": "Products",
        "translatedCategory": [],
        "_id": "1",
        "itemPage": [
          {
            "title": "Product 1",
            "description": "description for product 1",
            "price":10.99,
            "ingredients": "4 white fish fillets (like cod or haddock), 1 cup of milk, 2 tablespoons of butter, 2 tablespoons of all-purpose flour, 1 cup of grated cheddar cheese, 1 cup of bread crumbs, one onion, finely chopped, 2 cloves of garlic, finely chopped, salt and pepper to taste, 2 tablespoons of fresh parsley, chopped",
            "preparation": "Preheat your oven to 180°C (350°F). In a pot, melt the butter over medium heat. Add the chopped onion and peeled garlic, and sauté until softened. Stir in flour to create a roux, then gradually whisk in the milk. Continue to cook and stir until the sauce thickens. Remove from heat, and stir in half of the cheese until it melts. Season with salt and pepper. Place the fish fillet on a baking tray, and pour the sauce over the fish. Sprinkle the remaining cheese and breadcrumbs on top. Bake in the preheated oven for 25-30 minutes, or until the top turns golden and the fish is fully cooked. Garnish with fresh parsley before serving.",
            "imageUrl": "https://vt-photos.s3.amazonaws.com/Fish-Casserole-generated-image.png",
            "createdAt": "2025-06-24T03:51:20.028Z",
            "_id": 1
          },
          {
            "title": "Product 2",
            "price":1023.99,
            "description": "description for product 2",
            "ingredients": "1 cup of raw rice, 2 cups of water, 2 boneless and skinless chicken breasts, 1 tablespoon of olive oil, 1 small diced onion, 2 crushed garlic cloves, 1 can of creamy chicken soup, 2 cups of fresh broccoli florets, 1 cup of shredded cheddar cheese, salt and pepper to taste",
            "preparation": "Start by preheating the oven to 350 degrees Fahrenheit. Meanwhile, cook the rice in 2 cups of water according to the instructions on the package. While the rice is cooking, heat the olive oil in a pan over medium heat. Add the chicken breasts and cook them until they are no longer pink in the middle, about 7-10 minutes on each side. Remove the chicken and set it aside to cool. In the same pan, add the chopped onion and minced garlic, and sauté until the onion becomes translucent. Add the chicken broth to the pan, stirring. Cut the cooked chicken into small cubes and add it to the pan. Mix in the cooked rice and fresh broccoli florets. Season with salt and pepper. Pour the mixture into a casserole dish and sprinkle the shredded cheddar cheese on top. Bake in the preheated oven for 25-30 minutes, or until the cheese is melted and bubbly. Allow the casserole to cool for a few minutes before serving.",
            "imageUrl": "https://vt-photos.s3.amazonaws.com/Cheesy-Chicken-Broccoli-and-Rice-Casserole-generated-image.png",
            "createdAt": "2025-06-24T11:34:55.521Z",
            "_id": 2
          },
          {
            "title": "Product 3",
            "price":34.23,
            "description": "description for product 3",
            "ingredients": "2 cups cooked chicken, shredded,2 cups broccoli florets, steamed,1 cup cooked rice,1 cup shredded cheddar cheese,1/2 cup cream of chicken soup,1/2 cup milk,1 teaspoon garlic powder,1 teaspoon onion powder,Salt and pepper to taste,1/2 cup breadcrumbs,2 tablespoons butter, melted",
            "preparation": "1. Preheat your oven to 350°F (175°C).  \n2. In a large mixing bowl, combine the shredded chicken, steamed broccoli, cooked rice, cheddar cheese, cream of chicken soup, milk, garlic powder, onion powder, salt, and pepper. Mix well until all ingredients are fully incorporated.  \n3. Transfer the mixture into a greased 9x13 inch casserole dish and spread it evenly.  \n4. In a small bowl, mix the breadcrumbs with the melted butter until well combined. Sprinkle the breadcrumb mixture evenly over the top of the casserole.  \n5. Bake in the preheated oven for 25-30 minutes, or until the casserole is hot and bubbly, and the top is golden brown.  \n6. Remove from the oven and let it cool for a few minutes before serving. Enjoy your delicious Cheesy Chicken and Broccoli Casserole!",
            "imageUrl": "https://vt-photos.s3.amazonaws.com/Cheesy-Chicken-and-Broccoli-Casserole-generated-image.png",
            "createdAt": "2025-07-16T14:36:15.178Z",
            "_id": 3
          },
          {
            "title": "Product 4",
            "description": "description for product 4",
            "price":34.23,
            "ingredients": "2 cups cooked chicken, shredded,2 cups broccoli florets, steamed,1 cup cooked rice,1 cup shredded cheddar cheese,1/2 cup cream of chicken soup,1/2 cup milk,1 teaspoon garlic powder,1 teaspoon onion powder,Salt and pepper to taste,1/2 cup breadcrumbs,2 tablespoons butter, melted",
            "preparation": "1. Preheat your oven to 350°F (175°C).  \n2. In a large mixing bowl, combine the shredded chicken, steamed broccoli, cooked rice, cheddar cheese, cream of chicken soup, milk, garlic powder, onion powder, salt, and pepper. Mix well until all ingredients are fully incorporated.  \n3. Transfer the mixture into a greased 9x13 inch casserole dish and spread it evenly.  \n4. In a small bowl, mix the breadcrumbs with the melted butter until well combined. Sprinkle the breadcrumb mixture evenly over the top of the casserole.  \n5. Bake in the preheated oven for 25-30 minutes, or until the casserole is hot and bubbly, and the top is golden brown.  \n6. Remove from the oven and let it cool for a few minutes before serving. Enjoy your delicious Cheesy Chicken and Broccoli Casserole!",
            "imageUrl": "https://vt-photos.s3.amazonaws.com/Cheesy-Chicken-and-Broccoli-Casserole-generated-image.png",
            "createdAt": "2025-07-16T14:36:15.178Z",
            "_id": 4
          },
          {
            "title": "Product 5",
            "price":34.23,
            "description": "description for product 5",
            "ingredients": "2 cups cooked chicken, shredded,2 cups broccoli florets, steamed,1 cup cooked rice,1 cup shredded cheddar cheese,1/2 cup cream of chicken soup,1/2 cup milk,1 teaspoon garlic powder,1 teaspoon onion powder,Salt and pepper to taste,1/2 cup breadcrumbs,2 tablespoons butter, melted",
            "preparation": "1. Preheat your oven to 350°F (175°C).  \n2. In a large mixing bowl, combine the shredded chicken, steamed broccoli, cooked rice, cheddar cheese, cream of chicken soup, milk, garlic powder, onion powder, salt, and pepper. Mix well until all ingredients are fully incorporated.  \n3. Transfer the mixture into a greased 9x13 inch casserole dish and spread it evenly.  \n4. In a small bowl, mix the breadcrumbs with the melted butter until well combined. Sprinkle the breadcrumb mixture evenly over the top of the casserole.  \n5. Bake in the preheated oven for 25-30 minutes, or until the casserole is hot and bubbly, and the top is golden brown.  \n6. Remove from the oven and let it cool for a few minutes before serving. Enjoy your delicious Cheesy Chicken and Broccoli Casserole!",
            "imageUrl": "https://vt-photos.s3.amazonaws.com/Cheesy-Chicken-and-Broccoli-Casserole-generated-image.png",
            "createdAt": "2025-07-16T14:36:15.178Z",
            "_id": 5
          },
          {
            "title": "Product 6",
            "description": "description for product 6",
            "price":34.23,
            "ingredients": "2 cups cooked chicken, shredded,2 cups broccoli florets, steamed,1 cup cooked rice,1 cup shredded cheddar cheese,1/2 cup cream of chicken soup,1/2 cup milk,1 teaspoon garlic powder,1 teaspoon onion powder,Salt and pepper to taste,1/2 cup breadcrumbs,2 tablespoons butter, melted",
            "preparation": "1. Preheat your oven to 350°F (175°C).  \n2. In a large mixing bowl, combine the shredded chicken, steamed broccoli, cooked rice, cheddar cheese, cream of chicken soup, milk, garlic powder, onion powder, salt, and pepper. Mix well until all ingredients are fully incorporated.  \n3. Transfer the mixture into a greased 9x13 inch casserole dish and spread it evenly.  \n4. In a small bowl, mix the breadcrumbs with the melted butter until well combined. Sprinkle the breadcrumb mixture evenly over the top of the casserole.  \n5. Bake in the preheated oven for 25-30 minutes, or until the casserole is hot and bubbly, and the top is golden brown.  \n6. Remove from the oven and let it cool for a few minutes before serving. Enjoy your delicious Cheesy Chicken and Broccoli Casserole!",
            "imageUrl": "https://vt-photos.s3.amazonaws.com/Cheesy-Chicken-and-Broccoli-Casserole-generated-image.png",
            "createdAt": "2025-07-16T14:36:15.178Z",
            "_id": 6
          }
          
        ]
      }
    ]
  }
}